,frame,surface_area_mouth,mouth_open
0,00014,0.010337823434627857,0
1,00015,0.010068377565645825,0
2,00016,0.0077748212645758485,0
3,00017,0.005464036297902375,0
4,00018,0.012249934523351769,0
5,00019,0.012115472169887731,0
6,00020,0.011916363769140403,0
7,00021,0.013894661562767752,0
8,00022,0.00800889271919658,0
9,00023,0.00800889271919658,0
10,00024,6.805431978396115e-05,0
11,00025,6.805431978396115e-05,0
12,00026,0.0008090331539634121,0
13,00027,0.008530191457635894,0
14,00028,0.008012344791257675,0
15,00029,0.0007557894865088954,0
16,00030,0.001285483460407022,0
17,00031,0.000652718512833772,0
18,00032,0.000652718512833772,0
19,00033,0.00910857923967523,0
20,00034,0.00910857923967523,0
21,00035,0.00818202185555883,0
22,00036,0.007767262783676898,0
23,00037,0.012899715281456281,0
24,00038,0.010673704833402908,0
25,00039,0.0046014024860063785,0
26,00040,0.0051679542314753135,0
27,00041,0.0051679542314753135,0
28,00042,9.224473671665123e-05,0
29,00043,9.224473671665123e-05,1
30,00044,0.0013570512711478244,1
31,00045,0.000734376703611872,1
32,00046,8.563154115215355e-05,1
33,00047,0.00015730355787724193,1
34,00048,7.678515796349927e-05,1
35,00049,0.0021435330600168,1
36,00050,0.0021435330600168,1
37,00051,0.0040584628840933945,1
38,00052,0.0040584628840933945,1
39,00053,0.006096985833554669,1
40,00054,0.00397561768086252,1
41,00055,0.002467085310501993,1
42,00056,0.0072730603730741805,1
43,00057,0.006938883487922709,1
44,00058,0.00827959323602645,1
45,00059,0.00827959323602645,1
46,00060,0.00811151234251195,1
47,00061,0.00811151234251195,1
48,00062,0.00385997381972647,1
49,00063,0.0014652871888456431,1
50,00064,0.004569754366722023,1
51,00065,0.001827082392490631,1
52,00066,0.0042045328080435596,1
53,00067,0.0036071538067874442,1
54,00068,0.0036071538067874442,1
55,00069,0.0024274617510746666,1
56,00070,0.0024274617510746666,1
57,00071,0.004087515033515565,1
58,00072,0.006888695597744743,1
59,00073,0.00910362223228045,1
60,00074,0.007745647964213731,1
61,00075,0.0003995281041317966,1
62,00076,0.0012210709526483399,1
63,00077,0.0012210709526483399,1
64,00078,0.007947103369437158,1
65,00079,0.007947103369437158,1
66,00080,0.006446334916746288,1
67,00081,0.0009145807717096943,1
68,00082,0.006130863328337455,1
69,00083,0.0013465105637164854,1
70,00084,6.768401634804633e-05,1
71,00085,0.0001109047989036327,1
72,00086,0.0001109047989036327,1
73,00087,9.65238459711415e-05,1
74,00088,9.65238459711415e-05,1
75,00089,0.0003263610725197097,1
76,00090,6.0838296843890305e-05,1
77,00091,5.958849514353659e-05,1
78,00092,0.0013336217568662434,1
79,00093,0.0025538712659489704,1
80,00094,0.008446376253625765,1
81,00095,0.008446376253625765,1
82,00096,0.002959515021945691,1
83,00097,0.002959515021945691,1
84,00098,0.0027501288912299415,1
85,00099,0.00887895274983208,1
86,00100,0.010189578310645153,1
87,00101,0.005569913848834318,1
88,00102,0.008994107186843792,1
89,00103,0.006936777567080554,1
90,00104,0.006936777567080554,1
91,00105,0.008697345894579378,1
92,00106,0.008697345894579378,1
93,00107,0.014029947462084635,1
94,00108,0.008909632778463461,1
95,00109,0.005549269956079073,1
96,00110,0.00011968902621006805,1
97,00111,4.515573953067786e-05,1
98,00112,7.371304012160351e-05,1
99,00113,7.371304012160351e-05,1
100,00114,0.0013013288898466868,1
101,00115,0.0013013288898466868,1
102,00116,0.001186004974901067,1
103,00117,0.011199707686601279,1
104,00118,0.005729433021911312,1
105,00119,0.00785523527047971,1
106,00120,0.007021706661899607,1
107,00121,0.0037902830549647604,1
108,00122,0.0037902830549647604,1
109,00123,0.00879399640472922,1
110,00124,0.00879399640472922,1
111,00125,0.006049386739655382,1
112,00126,0.006714485974730344,1
113,00127,0.003952722155769806,1
114,00128,0.009920018157052901,1
115,00129,0.001749961092033736,1
116,00130,0.00016916872432037877,1
117,00131,0.00016916872432037877,1
118,00132,0.0001862093705522483,1
119,00133,0.0001862093705522483,1
120,00134,0.00253351097960941,1
121,00135,0.008352402092457467,1
122,00136,0.008543301638670897,1
123,00137,0.006357015346109662,1
124,00138,0.006212326115254463,1
125,00139,0.007903825891943939,1
126,00140,0.007903825891943939,1
127,00141,0.010589154161941394,1
128,00142,0.010589154161941394,1
129,00143,0.008907065968405625,1
130,00144,0.00665924884566671,1
131,00145,0.007646325983658109,1
132,00146,0.004131341918815146,1
133,00147,0.004230450490984694,1
134,00148,0.0002252293773388203,1
135,00149,0.0002252293773388203,1
136,00150,4.1986682335348746e-05,1
137,00151,4.1986682335348746e-05,1
138,00152,0.00011331533816250072,1
139,00153,8.800987733081911e-05,1
140,00154,0.0001722349424522207,1
141,00155,0.0016625969453825107,1
142,00156,0.004648765848702219,1
143,00157,0.005517547595222716,1
144,00158,0.005517547595222716,1
145,00159,0.00666511241438883,1
146,00160,0.00666511241438883,1
147,00161,0.007038479863654246,1
148,00162,0.00712124708953521,1
149,00163,0.001153172416322512,1
150,00164,0.00023338738935763104,1
151,00165,0.00014194931197231142,1
152,00166,0.005966125705307412,1
153,00167,0.00010916823743656323,1
154,00168,0.00016302657954270217,1
155,00169,0.00016992648427560653,1
156,00170,6.110927746316719e-05,1
157,00171,0.0005359549799885954,1
158,00172,7.824067672412838e-05,1
159,00173,0.00034718499727581786,1
160,00174,0.000524038489382761,1
161,00175,5.8212487046738204e-05,0
162,00176,6.195626778460195e-05,0
163,00177,9.053476002751637e-05,0
164,00178,0.0006696695055623536,0
165,00179,0.0017293347430120676,0
166,00180,0.0045895925443613095,0
167,00181,0.005593214636630428,1
168,00182,9.662899063300756e-05,1
169,00183,0.00010498188666652197,1
170,00184,0.0002984999212767292,1
171,00185,0.004490401342557071,1
172,00186,0.008054038570481481,1
173,00187,0.0027051857855147077,1
174,00188,0.004683115300746721,1
175,00189,0.00483537928023825,1
176,00190,0.006358783664271783,1
177,00191,0.003930433224941687,1
178,00192,0.006600523156952143,0
179,00193,0.0032268730440740967,1
180,00194,0.004993407273142125,1
181,00195,0.005835644391734007,1
182,00196,0.006625268933997397,1
183,00197,0.004588527195735992,1
184,00198,0.006399435401980291,1
185,00199,0.005577353446073019,1
186,00200,0.00980216403557499,1
187,00201,0.0081509841954297,1
188,00202,0.007471737994127814,1
189,00203,0.00438256383738711,1
190,00204,0.004727607858561633,1
191,00205,0.006752690294614894,1
192,00206,0.0014150412115254696,1
193,00207,0.005136289711022535,1
194,00208,0.011191170023083785,1
195,00209,0.00222222848777065,1
196,00210,0.0033633952199094708,1
197,00211,0.004314598174786077,1
198,00212,0.00014723056724896821,1
199,00213,0.00019193735320399696,1
200,00214,0.0004677011959488553,1
201,00215,0.00019670751139244658,1
202,00216,0.000787868442803763,1
203,00217,0.004082542186850446,1
204,00218,0.00468691407186661,1
205,00219,0.0067480736289411425,1
206,00220,0.007465925337472257,1
207,00221,0.005408295400330054,1
208,00222,0.00021173221994352787,1
209,00223,5.008409297424521e-05,1
210,00224,0.0012711784934964498,1
211,00225,0.0009429604829254146,1
212,00226,0.0064195441739931525,1
213,00227,0.006983324666713919,1
214,00228,0.008394729286104408,1
215,00229,0.00175938251417751,1
216,00230,9.846835200200132e-05,1
217,00231,0.0001103467421339488,1
218,00232,0.0010722710178345807,1
219,00233,0.007693269521410251,1
220,00234,0.005561706251627996,1
221,00235,0.0062367547543003,1
222,00236,0.0093086496879069,1
223,00237,0.012091369479370506,1
224,00238,0.009908435924049996,1
225,00239,0.010639619884406315,1
226,00240,0.003623220369234126,1
227,00241,7.139565200198206e-05,1
228,00242,5.08679558821612e-05,1
229,00243,0.00011420733421196871,1
230,00244,0.00025978611507682103,1
231,00245,0.003338541650883542,1
232,00246,0.003338541650883542,1
233,00247,0.00021269862349448942,1
234,00248,0.00021269862349448942,1
235,00249,0.0001630276393234098,1
236,00250,0.00010817509708971329,1
237,00251,6.466345256228578e-05,1
238,00252,9.211329117775335e-05,1
239,00253,3.1888548873482137e-05,1
240,00254,5.835059280734356e-05,1
241,00255,5.835059280734356e-05,1
242,00256,0.00023999153884624036,1
243,00257,0.00023999153884624036,1
244,00258,0.00024010107942551429,1
245,00259,0.00015576589214827408,1
246,00260,0.00029396554435301425,1
247,00261,0.0027551406736874284,1
248,00262,0.00363100575542763,1
249,00263,0.00026222215363702617,1
250,00264,0.00026222215363702617,1
251,00265,0.00018703752634774418,0
252,00266,0.00018703752634774418,0
253,00267,0.0011617748248076154,0
254,00268,0.0028874310204791698,0
255,00269,0.003034786586447069,0
256,00270,0.003001983896529836,0
257,00271,0.0027864792801954863,0
258,00272,0.00013964697957202787,0
259,00273,0.00013964697957202787,0
260,00274,0.0036145299305152534,0
261,00275,0.0036145299305152534,0
262,00276,0.0008636309771610229,0
263,00277,0.0008951652516557829,0
264,00278,0.0009083278568002839,0
265,00279,0.002899700346696399,0
266,00280,0.0036074107242072273,0
267,00281,0.004547803984795706,0
268,00282,0.004547803984795706,0
269,00283,0.00855941932371529,0
270,00284,0.00855941932371529,0
271,00285,0.003535531332063968,1
272,00286,0.002189471207622695,1
273,00287,0.00042039111554714736,1
274,00288,0.004940558705240683,1
275,00289,0.00805675919905191,1
276,00290,0.00877767842419086,1
277,00291,0.00877767842419086,1
278,00292,0.004035747426247127,1
279,00293,0.004035747426247127,1
280,00294,0.004345806167949107,1
281,00295,7.414885970202789e-05,1
282,00296,0.00011423500394514008,1
283,00297,8.243070726354773e-05,1
284,00298,0.0016710281562648532,1
285,00299,0.002779124324056248,1
286,00300,0.002779124324056248,1
287,00301,0.0023957945197059516,1
288,00302,0.0023957945197059516,1
289,00303,0.00010722613944480486,1
290,00304,0.00016294774255154465,1
291,00305,0.00024489196215249365,1
292,00306,0.0009112245145521669,1
293,00307,0.0012848432933276754,1
294,00308,0.0030481559470425523,1
295,00309,0.0030481559470425523,1
296,00310,0.0018044363884053283,1
297,00311,0.0018044363884053283,1
298,00312,0.005374426880384142,1
299,00313,0.006626521110203676,1
300,00314,0.004138305044380175,1
301,00315,0.0032799875608198192,1
302,00316,0.0072778907816273275,1
303,00317,0.007671002616638667,1
304,00318,0.007671002616638667,1
305,00319,0.004882309995148937,1
306,00320,0.004882309995148937,1
307,00321,0.0031994756672446556,1
308,00322,0.014264006150827235,1
309,00323,0.016045477867661972,1
310,00324,0.005384112806302355,1
311,00325,0.02007442270114357,1
312,00326,0.005505491975038801,1
313,00327,0.005505491975038801,1
314,00328,0.0037949814248419145,1
315,00329,0.0037949814248419145,1
316,00330,0.009242809470606517,1
317,00331,0.006391464727340868,1
318,00332,0.007376928119290582,1
319,00333,0.011692958556206001,1
320,00334,0.005969821783585516,1
321,00335,0.009189284684065768,1
322,00336,0.009189284684065768,1
323,00337,0.0023436756158954353,1
324,00338,0.0023436756158954353,1
325,00339,0.004094478774364418,1
326,00340,0.0008203166516631555,1
327,00341,0.0029759392650587912,1
328,00342,0.007717891421409995,1
329,00343,0.006093038668280926,1
330,00344,0.0039553158929326315,1
331,00345,0.0039553158929326315,1
332,00346,0.006188700834013794,1
333,00347,0.006188700834013794,1
334,00348,0.0003444984109588489,1
335,00349,0.0026940167192979203,1
336,00350,0.003759849591910225,1
337,00351,0.001656683449041907,1
338,00352,0.001656683449041907,1
339,00353,7.365731726061142e-05,1
340,00354,3.2239798012589915e-05,1
341,00355,2.5205058736155195e-05,1
342,00356,9.580043774892744e-05,1
343,00357,0.00032036175549166046,1
344,00358,0.00026934644716902767,1
345,00359,0.0001505866409710066,1
346,00360,0.00016939253706471646,1
347,00361,0.00019504187334895562,1
348,00362,0.00017708540883010215,1
349,00363,0.00017708540883010215,1
350,00364,0.0001852467842642369,1
351,00365,0.0002450362052446309,1
352,00366,0.00014310891916924362,0
353,00367,0.00012370533800254435,0
354,00368,0.0001436854056739989,0
355,00369,0.00016079489516229728,0
356,00370,0.00016079489516229728,0
357,00371,0.0010299437027034841,0
358,00372,0.0010299437027034841,0
359,00373,0.00011415550452031908,0
360,00374,9.877201514907341e-05,0
361,00375,3.177023367140208e-05,0
362,00376,0.00012405089138400882,0
363,00377,0.00034473427242698307,0
364,00378,2.895594985208305e-05,0
365,00379,2.895594985208305e-05,0
366,00380,0.00014836122172301458,0
367,00381,0.00014836122172301458,0
368,00382,9.821827066325284e-05,0
369,00383,7.038815267801368e-05,0
370,00384,4.7373278416529274e-05,0
371,00385,6.597683500242368e-05,0
372,00386,8.8901397948149e-05,0
373,00387,7.481181406543413e-05,0
374,00388,7.481181406543413e-05,0
375,00389,8.24080200994004e-05,0
376,00390,8.24080200994004e-05,0
377,00391,5.6122717118078924e-05,0
378,00392,0.00011808740512542215,0
379,00393,6.967833410698177e-05,0
380,00394,0.00012483999450729755,0
381,00395,0.00011113759538528001,0
382,00396,0.00013128034746934247,0
383,00397,0.00013128034746934247,0
384,00398,6.653782858290214e-05,0
385,00399,6.653782858290214e-05,0
386,00400,5.438570178295521e-05,0
387,00401,7.470655357622036e-05,0
388,00402,6.651026171855534e-05,0
389,00403,9.628319057863877e-05,0
390,00404,7.414322332177647e-05,0
391,00405,0.00011788654809308241,0
392,00406,0.00011788654809308241,0
393,00407,3.9687299670632115e-05,0
394,00408,3.9687299670632115e-05,0
395,00409,8.405573675762668e-05,0
396,00410,0.00010525346086254217,0
397,00411,0.00014180034281441323,0
398,00412,0.00010168330476290066,0
399,00413,5.030605919831288e-05,0
400,00414,5.004972900835014e-05,0
401,00415,5.004972900835014e-05,0
402,00416,5.4548460866499227e-05,0
403,00417,5.4548460866499227e-05,0
404,00418,4.786622023456033e-05,0
405,00419,6.31347687001238e-05,0
406,00420,6.31347687001238e-05,0
407,00421,6.134425488113493e-05,0
408,00422,8.025135841460695e-05,0
409,00423,3.3262446580195615e-05,0
410,00424,3.3262446580195615e-05,0
411,00425,4.8557713576258266e-05,0
412,00426,4.8557713576258266e-05,0
413,00427,4.653545624488942e-05,0
414,00428,0.00011091367778970351,0
415,00429,7.449563489903e-05,0
416,00430,5.630184602889443e-05,0
417,00431,7.495479146424344e-05,0
418,00432,4.89956927109958e-05,0
419,00433,4.89956927109958e-05,0
420,00434,6.032143093204212e-05,0
421,00435,6.032143093204212e-05,0
422,00436,4.138784752338864e-05,0
423,00437,6.055702183971334e-05,0
424,00438,6.982791621368278e-05,0
425,00439,7.411722656236464e-05,0
426,00440,4.319944884034754e-05,0
427,00441,4.374080038349604e-05,0
428,00442,4.374080038349604e-05,0
429,00443,4.3229321271986976e-05,0
430,00444,4.3229321271986976e-05,0
431,00445,4.8350577605660305e-05,0
432,00446,5.6949627281532855e-05,0
433,00447,5.430766456981928e-05,0
434,00448,5.430766456981928e-05,0
435,00449,5.5211706028401863e-05,0
436,00450,3.998225466173011e-05,0
437,00451,3.998225466173011e-05,0
438,00452,4.319789247375638e-05,0
439,00453,4.319789247375638e-05,0
440,00454,2.954215334405319e-05,0
441,00455,5.028528230166529e-05,0
442,00456,4.961612171960894e-05,0
443,00457,5.028528230166529e-05,0
444,00458,3.855073519254404e-05,0
445,00459,7.754708865537197e-05,0
446,00460,7.754708865537197e-05,0
447,00461,5.8571060731260616e-05,0
448,00462,5.8571060731260616e-05,0
449,00463,7.386221776695123e-05,0
450,00464,3.448380561543729e-05,0
451,00465,3.464300482303173e-05,0
452,00466,5.511195250740286e-05,0
453,00467,4.1079335747262746e-05,0
454,00468,3.105421291049737e-05,0
455,00469,3.105421291049737e-05,0
456,00470,2.985737906335828e-05,0
457,00471,2.985737906335828e-05,0
458,00472,8.234877430179921e-05,0
459,00473,2.238190293013531e-05,0
460,00474,4.596754851604601e-05,0
461,00475,3.828296626195993e-05,0
462,00476,5.418531623746503e-05,0
463,00477,6.829141356412549e-05,0
464,00478,6.829141356412549e-05,0
465,00479,2.640654154717481e-05,0
466,00480,2.640654154717481e-05,0
467,00481,4.794992873513593e-05,0
468,00482,6.407728882695807e-05,0
469,00483,8.474342481790131e-05,0
470,00484,5.9770167652573036e-05,0
471,00485,7.642170587462971e-05,0
472,00486,7.757174125444521e-05,0
473,00487,7.757174125444521e-05,0
474,00488,4.3754094773973407e-05,0
475,00489,4.3754094773973407e-05,0
476,00490,8.536819723303779e-05,0
477,00491,5.587075693558319e-05,0
478,00492,8.549391546885943e-05,0
479,00493,0.00010084943583255068,0
480,00494,0.00016238004102131498,0
481,00495,0.00012289507949425627,0
482,00496,0.00012289507949425627,0
483,00497,3.805718168514716e-05,0
484,00498,3.805718168514716e-05,0
485,00499,7.12478507027825e-05,0
486,00500,6.99171055336123e-05,0
487,00501,4.8955988643406556e-05,0
488,00502,2.68912726388848e-05,0
489,00503,3.733229821634154e-05,0
490,00504,4.05466564812329e-05,0
491,00505,4.05466564812329e-05,0
492,00506,6.370169768299405e-05,0
493,00507,6.370169768299405e-05,0
494,00508,6.542649914820231e-05,0
495,00509,7.029222473331487e-05,0
496,00510,6.110861905295195e-05,0
497,00511,9.510060157591482e-05,0
498,00512,0.0001098913642563204,0
499,00513,0.0001121598121018863,0
500,00514,0.0001121598121018863,0
501,00515,7.027221457711619e-05,0
502,00516,7.027221457711619e-05,0
503,00517,7.80052359674599e-05,0
504,00518,9.082535447468842e-05,0
505,00519,5.846502688999777e-05,0
506,00520,6.0856119145746845e-05,0
507,00521,6.0856119145746845e-05,0
508,00522,6.400984110310759e-05,0
509,00523,6.400984110310759e-05,0
510,00524,8.603034888210459e-05,0
511,00525,6.70194759697651e-05,0
512,00526,3.008954011995968e-05,0
513,00527,3.490277928364094e-05,0
514,00528,2.8378489411728935e-05,0
515,00529,7.199873572716342e-05,0
516,00530,7.199873572716342e-05,0
517,00531,5.292004837542663e-05,0
518,00532,5.292004837542663e-05,0
519,00533,5.3643789678758935e-05,0
520,00534,0.00010079614217417543,0
521,00535,5.7544501762762934e-05,0
522,00536,4.7937055178692844e-05,0
523,00537,6.720157970008245e-05,0
524,00538,7.450139923825816e-05,0
525,00539,7.450139923825816e-05,0
526,00540,3.819505860924721e-05,0
527,00541,3.819505860924721e-05,0
528,00542,3.81965553053476e-05,0
529,00543,8.652876375236929e-05,0
530,00544,5.0069655526563395e-05,0
531,00545,5.6334553273806875e-05,0
532,00546,5.2415778817760383e-05,0
533,00547,9.419134648780414e-05,0
534,00548,9.419134648780414e-05,0
535,00549,8.504048667834496e-05,0
536,00550,8.504048667834496e-05,0
537,00551,8.78316547527902e-05,0
538,00552,7.933921139890998e-05,0
539,00553,5.7550629103175766e-05,0
540,00554,3.0264971196736212e-05,0
541,00555,4.7808363095036555e-05,0
542,00556,8.23726128773572e-05,0
543,00557,8.23726128773572e-05,0
544,00558,6.0638090199738315e-05,0
545,00559,6.0638090199738315e-05,0
546,00560,6.161080597699709e-05,0
547,00561,4.9867566071171154e-05,0
548,00562,5.6974837263190636e-05,0
549,00563,5.2544164756085365e-05,0
550,00564,3.141927988004056e-05,0
551,00565,4.006179479620897e-05,0
552,00566,4.006179479620897e-05,0
553,00567,3.1581643336053844e-05,0
554,00568,3.1581643336053844e-05,0
555,00569,4.156046910797073e-05,0
556,00570,6.617324281421588e-05,0
557,00571,4.761381170315104e-05,0
558,00572,6.53585312146987e-05,0
559,00573,4.783803491470451e-05,0
560,00574,3.168250011054141e-05,0
561,00575,3.168250011054141e-05,0
562,00576,8.936428596761914e-05,0
563,00577,8.936428596761914e-05,0
564,00578,0.0001970169458020976,0
565,00579,4.8117135157177415e-05,0
566,00580,6.973459095416246e-05,0
567,00581,4.9654066244464445e-05,0
568,00582,6.313623825437986e-05,0
569,00583,7.86581072560466e-05,0
570,00584,7.86581072560466e-05,0
571,00585,0.00010219937314825955,0
572,00586,0.00010219937314825955,0
573,00587,3.9603531770460165e-05,0
574,00588,4.747187895670635e-05,0
575,00589,4.3167042678149414e-05,0
576,00590,4.676112997614723e-05,0
577,00591,5.078035553118809e-05,0
578,00592,6.954415573101613e-05,0
579,00593,6.954415573101613e-05,0
580,00594,7.74392569127258e-05,0
581,00595,7.74392569127258e-05,0
582,00596,3.2628987473692916e-05,0
583,00597,5.337306864028335e-05,0
584,00598,4.3833957286132375e-05,0
585,00599,6.187397105605896e-05,0
586,00600,6.20854269968163e-05,0
587,00601,7.596302519896625e-05,0
588,00602,7.596302519896625e-05,0
589,00603,4.6202871608613805e-05,0
590,00604,4.6202871608613805e-05,0
591,00605,6.647597647102543e-05,0
592,00606,5.5764365525234894e-05,0
593,00607,0.00012692508373124411,0
594,00608,9.95531466827515e-05,0
595,00609,8.800978809109239e-05,0
596,00610,6.79488079979862e-05,0
597,00611,6.79488079979862e-05,0
598,00612,7.516029487586451e-05,0
599,00613,7.516029487586451e-05,0
600,00614,6.825225004636337e-05,0
601,00615,4.093778091895928e-05,0
602,00616,5.08368108116386e-05,0
603,00617,4.140883121461769e-05,0
604,00618,7.562720262477285e-05,0
605,00619,3.4870738097048104e-05,0
606,00620,3.4870738097048104e-05,0
607,00621,3.9402696437207396e-05,0
608,00622,3.9402696437207396e-05,0
609,00623,3.8522168990695604e-05,0
610,00624,5.114451117638197e-05,0
611,00625,6.583715643504462e-05,0
612,00626,6.983672406413177e-05,0
613,00627,7.185802204556779e-05,0
614,00628,4.097566674587938e-05,0
615,00629,4.097566674587938e-05,0
616,00630,6.348410594636533e-05,0
617,00631,6.348410594636533e-05,0
618,00632,2.828486340344938e-05,0
619,00633,3.2491556019031975e-05,0
620,00634,4.4107413947891416e-05,0
621,00635,6.774070056358994e-05,0
622,00636,6.82799996623018e-05,0
623,00637,3.156171890950077e-05,0
624,00638,3.156171890950077e-05,0
625,00639,3.689793869821045e-05,0
626,00640,3.689793869821045e-05,0
627,00641,4.5824537230565454e-05,0
628,00642,6.779617938512672e-05,0
629,00643,3.491036473768361e-05,0
630,00644,3.8312453519040446e-05,0
631,00645,3.753888126656335e-05,0
632,00646,2.368125350482586e-05,0
633,00647,2.368125350482586e-05,0
634,00648,5.5963101651457237e-05,0
635,00649,5.5963101651457237e-05,0
636,00650,6.204020270939026e-05,0
637,00651,2.5899848677291004e-05,0
638,00652,4.758317994379979e-05,0
639,00653,4.860432624198552e-05,0
640,00654,3.424931678175369e-05,0
641,00655,2.7307059065506678e-05,0
642,00656,2.7307059065506678e-05,0
643,00657,3.2056985857842335e-05,0
644,00658,3.2056985857842335e-05,0
645,00659,2.82808274656432e-05,0
646,00660,2.9810342575764537e-05,0
647,00661,4.527943686305491e-05,0
648,00662,4.357969755552915e-05,0
649,00663,4.334440386433158e-05,0
650,00664,2.6906636128920525e-05,0
651,00665,2.6906636128920525e-05,0
652,00666,2.7084044989855727e-05,0
653,00667,2.7084044989855727e-05,0
654,00668,3.27807241582434e-05,0
655,00669,2.872795480524104e-05,0
656,00670,5.481877882740349e-05,0
657,00671,5.3886100294775474e-05,0
658,00672,5.075200371429389e-05,0
659,00673,4.437332311901798e-05,0
660,00674,4.437332311901798e-05,0
661,00675,4.488506285937888e-05,0
662,00676,4.488506285937888e-05,0
663,00677,3.2923875025403504e-05,0
664,00678,5.4666965830563186e-05,0
665,00679,5.181993122072015e-05,0
666,00680,5.2338558281128655e-05,0
667,00681,4.622860601255496e-05,0
668,00682,6.72700676496163e-05,0
669,00683,6.72700676496163e-05,0
670,00684,8.64825399222724e-05,0
671,00685,8.64825399222724e-05,0
672,00686,5.7310838424307065e-05,0
673,00687,6.611988946403358e-05,0
674,00688,6.523521700962931e-05,0
675,00689,3.882532928667359e-05,0
676,00690,2.7782697064715478e-05,0
677,00691,3.158475792730542e-05,0
678,00692,3.158475792730542e-05,0
679,00693,2.7186999513872934e-05,0
680,00694,2.7186999513872934e-05,0
681,00695,4.945177497717168e-05,0
682,00696,8.983347491220428e-05,0
683,00697,8.983347491220428e-05,0
684,00698,5.198318313048844e-05,0
685,00699,5.198318313048844e-05,0
686,00700,4.8623628110533446e-05,0
687,00701,4.8623628110533446e-05,0
688,00702,4.1748503326388686e-05,0
689,00703,4.262743331029384e-05,0
690,00704,3.442049655788537e-05,0
691,00705,0.00045624484148998334,0
692,00706,0.00045624484148998334,0
693,00707,0.00045624484148998334,0
694,00708,0.00045624484148998334,0
695,00709,0.00010980792791226435,0
696,00710,0.00010980792791226435,0
697,00711,6.613830825408229e-05,0
698,00712,5.185890857006825e-05,0
699,00713,3.26872040279369e-05,0
700,00714,4.870896640429834e-05,0
701,00715,4.870896640429834e-05,0
702,00716,5.193793987068318e-05,0
703,00717,5.193793987068318e-05,0
704,00718,3.301894870411104e-05,0
705,00719,3.301894870411104e-05,0
706,00720,3.280689706297579e-05,0
707,00721,3.379106663015108e-05,0
708,00722,5.481212622271414e-05,0
709,00723,7.259234341283616e-05,0
710,00724,7.259234341283616e-05,0
711,00725,7.259234341283616e-05,0
712,00726,7.259234341283616e-05,0
713,00727,2.9060740795117113e-05,0
714,00728,2.9060740795117113e-05,0
715,00729,3.068624238444784e-05,0
716,00730,3.372798227374574e-05,0
717,00731,7.493537261460403e-05,0
718,00732,2.7181982775736913e-05,0
719,00733,4.0699165836599605e-05,0
720,00734,4.168888191458109e-05,0
721,00735,4.168888191458109e-05,0
722,00736,4.1345664849146146e-05,0
723,00737,4.1345664849146146e-05,0
724,00738,4.672443497355516e-05,0
725,00739,2.748078662584419e-05,0
726,00740,4.635846632528029e-05,0
727,00741,5.138912149593722e-05,0
728,00742,5.31137595425335e-05,0
729,00743,5.617668520763175e-05,0
730,00744,5.617668520763175e-05,0
731,00745,4.5212028182639585e-05,0
732,00746,4.5212028182639585e-05,0
733,00747,4.5247162333339475e-05,0
734,00748,5.156076274559496e-05,0
735,00749,4.714287285789709e-05,0
736,00750,9.071675334570983e-05,0
737,00751,5.822078490158589e-05,0
738,00752,7.80571959877463e-05,0
739,00753,7.80571959877463e-05,0
740,00754,3.534651951841994e-05,0
741,00755,3.534651951841994e-05,0
742,00756,5.974028639421647e-05,0
743,00757,7.514097436356337e-05,0
744,00758,5.117572567758799e-05,0
745,00759,8.310478168294111e-05,0
746,00760,9.649419869006692e-05,0
747,00761,0.00010538735039755665,0
748,00762,0.00010538735039755665,0
749,00763,5.3121813249568106e-05,0
750,00764,5.3121813249568106e-05,0
751,00765,5.749213070949111e-05,0
752,00766,5.749213070949111e-05,0
753,00767,7.677083710788679e-05,0
754,00768,8.79059705924945e-05,0
755,00769,3.967225745338254e-05,0
756,00770,6.574070155807021e-05,0
757,00771,6.574070155807021e-05,0
758,00772,4.562927955031881e-05,0
759,00773,4.562927955031881e-05,0
760,00774,5.143802790108509e-05,0
761,00775,4.123776436859572e-05,0
762,00776,4.646641593186729e-05,0
763,00777,5.52507907833899e-05,0
764,00778,6.948629839964582e-05,0
765,00779,6.213513911923485e-05,0
766,00780,6.213513911923485e-05,0
767,00781,4.4045710492213175e-05,0
768,00782,4.4045710492213175e-05,0
769,00783,8.114805073766718e-05,0
770,00784,5.791909251406935e-05,0
771,00785,5.0536654612187704e-05,0
772,00786,3.995007229562475e-05,0
773,00787,4.082821479656218e-05,0
774,00788,4.004168057392121e-05,0
775,00789,4.004168057392121e-05,0
776,00790,6.170377041136987e-05,0
777,00791,6.170377041136987e-05,0
778,00792,4.9883956873664204e-05,0
779,00793,6.542368490869421e-05,0
780,00794,6.226471649295462e-05,0
781,00795,6.775374614598206e-05,0
782,00796,6.1022037924907124e-05,0
783,00797,4.7772776852639254e-05,0
784,00798,4.7772776852639254e-05,0
785,00799,8.606098830199471e-05,0
786,00800,8.606098830199471e-05,0
787,00801,6.245085715139709e-05,0
788,00802,6.33037115562729e-05,0
789,00803,6.755194575980283e-05,0
790,00804,6.059558620030714e-05,0
791,00805,6.059558620030714e-05,0
792,00806,8.050653422841947e-05,0
793,00807,8.050653422841947e-05,0
794,00808,5.7738992635059105e-05,0
795,00809,5.7738992635059105e-05,0
796,00810,5.943946918129939e-05,0
797,00811,4.5090674572811906e-05,0
798,00812,7.598218026672043e-05,0
799,00813,5.58974887461261e-05,0
800,00814,3.4723410664128096e-05,0
801,00815,6.90011373842836e-05,0
802,00816,6.338248241632982e-05,0
803,00817,4.856494918925591e-05,0
804,00818,7.891721609620816e-05,0
805,00819,9.65436613968862e-05,0
806,00820,5.262714801368418e-05,0
807,00821,7.292324701690944e-05,0
808,00822,5.145362043990076e-05,0
809,00823,4.274086431443891e-05,0
810,00824,2.985841201663675e-05,0
811,00825,2.985841201663675e-05,0
812,00826,9.528255533286512e-05,0
813,00827,0.0002252173388033185,0
814,00828,0.00023513324924717693,0
815,00829,3.2705575603309e-05,0
816,00830,4.321720792521688e-05,0
817,00831,3.625101348525561e-05,0
818,00832,3.567747821531242e-05,0
819,00833,0.0001078423692550956,0
820,00834,0.0001078423692550956,0
821,00835,9.491259594085477e-05,0
822,00836,0.00011389690203511549,0
823,00837,0.00011389690203511549,0
824,00838,0.0001282945549583303,0
825,00839,0.00011378706615428058,0
826,00840,0.00011378706615428058,0
827,00841,6.954722755558862e-05,0
828,00842,8.107115535960219e-05,0
829,00843,8.338554660536346e-05,0
830,00844,7.275232159997813e-05,0
831,00845,6.391986186038423e-05,0
832,00846,5.428005413943282e-05,0
833,00847,4.757480626338406e-05,0
834,00848,5.75343619448887e-05,0
835,00849,5.75343619448887e-05,0
836,00850,5.508422522471079e-05,0
837,00851,5.118648846647034e-05,0
838,00852,5.118648846647034e-05,0
839,00853,4.298198063512615e-05,0
840,00854,4.310987971400948e-05,0
841,00855,4.708008371867578e-05,0
842,00856,6.642939599821318e-05,0
843,00857,4.9692960178759904e-05,0
844,00858,4.9692960178759904e-05,0
845,00859,6.658970539685782e-05,0
846,00860,5.487428075934275e-05,0
847,00861,5.707661975673517e-05,0
848,00862,4.3260614999596214e-05,0
849,00863,4.874374106478285e-05,0
850,00864,4.874374106478285e-05,0
851,00865,3.609209021249171e-05,0
852,00866,4.3449464923739356e-05,0
853,00867,4.3449464923739356e-05,0
854,00868,4.3449464923739356e-05,0
855,00869,5.391303135482417e-05,0
856,00870,5.181898696893228e-05,0
857,00871,5.174047410250182e-05,0
858,00872,3.138562281890245e-05,0
859,00873,3.552814409513161e-05,0
860,00874,2.730276707740842e-05,0
861,00875,6.105740298067985e-05,0
862,00876,4.9623889837313584e-05,0
863,00877,6.064315695653022e-05,0
864,00878,5.652975703007712e-05,0
865,00879,5.6535299012949736e-05,0
866,00880,5.452138431483178e-05,0
867,00881,4.7130290907304584e-05,0
868,00882,4.7130290907304584e-05,0
869,00883,4.7130290907304584e-05,0
870,00884,0.00010814449901008771,0
871,00885,5.594870261393936e-05,0
872,00886,6.055852038677756e-05,0
873,00887,4.853034013407864e-05,0
874,00888,6.441096695475323e-05,0
875,00889,6.879403451520716e-05,0
876,00890,6.518366248453589e-05,0
877,00891,6.321317188628939e-05,0
878,00892,3.198920387692539e-05,0
879,00893,2.8159327990273653e-05,0
880,00894,2.9116367628034823e-05,0
881,00895,4.079888807329013e-05,0
882,00896,2.9259039609819126e-05,0
883,00897,2.9259039609819126e-05,0
884,00898,2.503019642485782e-05,0
885,00899,2.5239922790909475e-05,0
886,00900,2.573739854661028e-05,0
887,00901,5.373730725644066e-05,0
888,00902,5.443530609205993e-05,0
889,00903,5.443530609205993e-05,0
890,00904,6.258100371070441e-05,0
891,00905,4.864029836948447e-05,0
892,00906,4.9129994927454845e-05,0
893,00907,4.9129994927454845e-05,0
894,00908,3.500428104352693e-05,0
895,00909,3.207981890440692e-05,0
896,00910,5.782564990930439e-05,0
897,00911,2.6907812954668486e-05,0
898,00912,3.51697605429635e-05,0
899,00913,2.67815998666876e-05,0
900,00914,5.26368179105674e-05,0
901,00915,6.26751819483573e-05,0
902,00916,7.200430690446069e-05,0
903,00917,0.00011104407917628123,0
904,00918,0.0001005041004722429,0
905,00919,0.0001005041004722429,0
906,00920,0.0001005041004722429,0
907,00921,5.922447883310866e-05,0
908,00922,5.539282068145468e-05,0
909,00923,5.539282068145468e-05,0
910,00924,6.743771401662713e-05,0
911,00925,6.748820039881309e-05,0
912,00926,6.224194520587645e-05,0
913,00927,4.1448118501818954e-05,0
914,00928,6.298031847329355e-05,0
915,00929,6.0574995777606944e-05,0
916,00930,6.898275262745557e-05,0
917,00931,5.417731192647324e-05,0
918,00932,3.443212804921103e-05,0
919,00933,6.375839192163113e-05,0
920,00934,6.90476678739671e-05,0
921,00935,6.90476678739671e-05,0
922,00936,7.177411107850418e-05,0
923,00937,4.0759845766125125e-05,0
924,00938,4.0759845766125125e-05,0
925,00939,6.13369021760235e-05,0
926,00940,5.1798746023123954e-05,0
927,00941,5.1798746023123954e-05,0
928,00942,5.390427667251174e-05,0
929,00943,4.1626405531403066e-05,0
930,00944,4.1626405531403066e-05,0
931,00945,8.762152269525814e-05,0
932,00946,7.499938842947529e-05,0
933,00947,7.357219127879233e-05,0
934,00948,8.092393379843799e-05,0
935,00949,9.251475356197858e-05,0
936,00950,0.00010827111024713787,0
937,00951,8.443502052735141e-05,0
938,00952,0.00010013041925027721,0
939,00953,0.00010013041925027721,0
940,00954,9.309983884797646e-05,0
941,00955,7.7783279613719e-05,0
942,00956,7.793880092865635e-05,0
943,00957,7.997337111831371e-05,0
944,00958,5.537078551576258e-05,0
945,00959,7.870965247303019e-05,0
946,00960,6.399837172121892e-05,0
947,00961,6.539608018751863e-05,0
948,00962,7.066272783795569e-05,0
949,00963,5.780394496301966e-05,0
950,00964,6.373159907457904e-05,0
951,00965,5.7814843257730786e-05,0
952,00966,5.508196711634383e-05,0
953,00967,4.104264472193364e-05,0
954,00968,6.804878945221304e-05,0
955,00969,7.558124890305606e-05,0
956,00970,5.6841356237846696e-05,0
957,00971,7.329680317980092e-05,0
958,00972,5.350302793249995e-05,0
959,00973,6.58524779959535e-05,0
960,00974,6.698005531280415e-05,0
961,00975,6.47941243618888e-05,0
962,00976,3.8574003791147504e-05,0
963,00977,5.2244161510728304e-05,0
964,00978,4.5639919875384294e-05,0
965,00979,7.225709630453991e-05,0
966,00980,9.09613615860394e-05,0
967,00981,7.351165569868812e-05,0
968,00982,6.984834805834339e-05,0
969,00983,5.5865090569540143e-05,0
970,00984,5.100594941342962e-05,0
971,00985,4.8166545966843444e-05,0
972,00986,7.431366126819938e-05,0
973,00987,7.170362717445755e-05,0
974,00988,8.510864941779772e-05,0
975,00989,8.510864941779772e-05,0
976,00990,7.295149244246346e-05,0
977,00991,9.505576287160977e-05,0
978,00992,0.000109213958589649,0
979,00993,8.453377761696856e-05,0
980,00994,9.459612091600178e-05,0
981,00995,8.09427505181759e-05,0
982,00996,0.00010037323213296645,0
983,00997,9.369633374145536e-05,0
984,00998,9.369633374145536e-05,0
985,00999,7.36414552244824e-05,0
986,01000,7.692183379681694e-05,0
987,01001,7.692183379681694e-05,0
988,01002,7.756796274005495e-05,0
989,01003,0.00011400896621083234,0
990,01004,7.231943712859845e-05,0
991,01005,3.349090137039212e-05,0
992,01006,5.286494005840581e-05,0
993,01007,0.00010898873740128323,0
994,01008,6.190618153123495e-05,0
995,01009,5.281542539758988e-05,0
996,01010,0.00011836905172390999,0
997,01011,0.00035387034981404497,0
998,01012,9.04132165278071e-05,0
999,01013,0.0004386190444574112,0
1000,01014,0.00018199717550970718,0
1001,01015,7.586564353356806e-05,0
1002,01016,4.764352036712438e-05,0
1003,01017,5.510408926401311e-05,0
1004,01018,3.94987843179706e-05,0
1005,01019,0.00014147949989240516,0
1006,01020,8.034073253249119e-05,0
1007,01021,2.7126864820203878e-05,0
1008,01022,0.0009770494389398365,0
1009,01023,4.946227149460469e-05,0
1010,01024,0.00024414789625470945,0
1011,01025,0.0004722600945790134,0
1012,01026,1.435341230493492e-05,0
1013,01027,3.1594623701280966e-05,0
1014,01028,4.667692850901517e-05,0
1015,01029,0.000955149182992443,0
1016,01030,0.0003949695726754854,0
1017,01031,0.0014286776695398018,0
1018,01032,0.00228078645100549,0
1019,01033,0.0020992388331650957,0
1020,01034,0.008477344456189861,0
1021,01035,0.008254872720153905,0
1022,01036,0.007318054520967898,0
1023,01037,0.010225709416077144,0
1024,01038,0.011100148245519748,0
1025,01039,0.01028849451089986,1
1026,01040,0.015071819028874778,1
1027,01041,0.015459455177768255,1
1028,01042,0.014312240847921487,1
1029,01043,0.01349115901233322,1
1030,01044,0.006714230412384836,1
1031,01045,0.013278915737998886,1
1032,01046,0.010516459437228676,1
1033,01047,0.009253777166494892,1
1034,01048,0.01205301242806378,1
1035,01049,0.012373373275667454,1
1036,01050,0.0081521134966831,1
1037,01051,0.014601180490365628,1
1038,01052,0.013373177469493847,1
1039,01053,0.010835656248953995,1
1040,01054,0.009512065179338336,1
1041,01055,0.008590248473617557,1
1042,01056,0.009975606928216862,1
1043,01057,0.010625359917762367,1
1044,01058,0.011925424820665498,1
1045,01059,0.006789256366839247,1
1046,01060,0.00929436410247586,1
1047,01061,0.005742641234835588,1
1048,01062,0.002444688102618109,1
1049,01063,0.007359596787376965,1
1050,01064,0.00831708623734162,1
1051,01065,0.008902900020596682,1
1052,01066,0.006162946183645879,1
1053,01067,0.007228892073522175,1
1054,01068,0.009329043596631337,1
1055,01069,0.005067493420034097,1
1056,01070,0.0032645162706268493,1
1057,01071,0.007620500913267492,1
1058,01072,0.004479036696813488,1
1059,01073,0.003941979404670448,1
1060,01074,0.0035632305749322413,1
1061,01075,0.0044277707081317175,1
1062,01076,0.0026127322220004245,1
1063,01077,0.00412734922550495,1
1064,01078,0.005439507468156357,1
1065,01079,0.005439507468156357,1
1066,01080,0.005469721075525236,1
1067,01081,0.007077153055805141,1
1068,01082,0.007077153055805141,1
1069,01083,0.004713515706226801,1
1070,01084,0.0030353874945250325,1
1071,01085,0.005581637383337501,1
1072,01086,0.005244174989984529,1
1073,01087,0.0014251087953116581,1
1074,01088,0.0014599229918985657,1
1075,01089,0.000726334918813798,1
1076,01090,0.0012390107932134242,1
1077,01091,0.00017691266912489567,1
1078,01092,0.0011248345941687887,1
1079,01093,0.002232830281207576,1
1080,01094,0.0025058787279501615,1
1081,01095,0.0019960116949508944,1
1082,01096,0.003022407897519841,1
1083,01097,0.0031616511850218743,1
1084,01098,0.0016865952015523433,1
1085,01099,0.005094735719434418,1
1086,01100,0.005094735719434418,1
1087,01101,0.0017327165008236278,1
1088,01102,0.005896700313360093,1
1089,01103,0.005896700313360093,1
1090,01104,0.005710530898877408,1
1091,01105,0.0037934250421232107,1
1092,01106,0.0037934250421232107,1
1093,01107,0.0032548635211346877,1
1094,01108,0.005415326638236628,1
1095,01109,0.005415326638236628,1
1096,01110,0.005421562017905224,1
1097,01111,0.004320818387218317,1
1098,01112,0.004320818387218317,1
1099,01113,0.0060708334730712465,1
1100,01114,0.005112221912620285,1
1101,01115,0.005014391144525732,1
1102,01116,0.006227179716297826,1
1103,01117,0.005889014546481164,1
1104,01118,0.005889014546481164,1
1105,01119,0.006014904443664371,1
1106,01120,0.007001174226859419,1
1107,01121,0.005968316446626432,1
1108,01122,0.005972021873541955,1
1109,01123,0.004424942831570355,1
1110,01124,0.0038992957622205893,1
1111,01125,0.0035625326873134355,1
1112,01126,0.002597831607325851,1
1113,01127,0.002597831607325851,1
1114,01128,0.00373225670569699,1
1115,01129,0.0016618441329008249,1
1116,01130,0.00189840126927443,1
1117,01131,0.0013249605746885607,1
1118,01132,0.0030704455744618997,1
1119,01133,0.005792259790204035,1
1120,01134,0.0037279420256961515,1
1121,01135,0.003745655349939092,1
1122,01136,0.003745655349939092,1
1123,01137,0.005892116311512652,1
1124,01138,0.005213294079231545,1
1125,01139,0.004233438061310046,1
1126,01140,0.004960544351300555,1
1127,01141,0.004960544351300555,1
1128,01142,0.004960544351300555,1
1129,01143,0.004960544351300555,1
1130,01144,0.005538020448073944,1
1131,01145,0.005538020448073944,1
1132,01146,0.000964364172621579,1
1133,01147,0.000964364172621579,1
1134,01148,0.0006395005882415816,1
1135,01149,0.0039116670692687094,1
1136,01150,0.005823984767271639,1
1137,01151,0.005787257208879737,1
1138,01152,0.005564283397958114,1
1139,01153,0.005731465290500282,1
1140,01154,0.005731465290500282,1
1141,01155,0.00626252044726705,1
1142,01156,0.00626252044726705,1
1143,01157,0.006053646447661265,1
1144,01158,0.005897613569040061,1
1145,01159,0.004797742929262938,1
1146,01160,0.004393910862344086,1
1147,01161,0.0029827852432076085,1
1148,01162,0.0009381291943313386,1
1149,01163,0.0009381291943313386,1
1150,01164,0.004286772050962284,1
1151,01165,0.004286772050962284,1
1152,01166,0.0025004790597424886,1
1153,01167,0.003143299142415401,1
1154,01168,0.002705479736354377,1
1155,01169,0.002854967214204862,1
1156,01170,0.004643555943056654,1
1157,01171,0.003297251131324508,1
1158,01172,0.003297251131324508,1
1159,01173,0.0040215968072514485,1
1160,01174,0.0040215968072514485,1
1161,01175,0.004021008757406186,1
1162,01176,0.005607965951386795,1
1163,01177,0.0045197894374080505,1
1164,01178,0.004538492790270965,1
1165,01179,0.0045197894374080505,1
1166,01180,0.005183003772077477,1
1167,01181,0.005183003772077477,1
1168,01182,0.005300104445855602,1
1169,01183,0.005300104445855602,1
1170,01184,0.005241647595559229,1
1171,01185,0.005486365817036543,1
1172,01186,0.0004753716159235921,1
1173,01187,0.0026919266288327748,1
1174,01188,0.001849937419833303,1
1175,01189,0.0041664752687271545,1
1176,01190,0.0041664752687271545,1
1177,01191,0.002708725327735806,1
1178,01192,0.002708725327735806,1
1179,01193,0.0024294107979141444,1
1180,01194,0.0037408865343353526,1
1181,01195,0.002884181550328435,1
1182,01196,0.0025544540986741637,1
1183,01197,0.0038608251418583706,1
1184,01198,0.003659052461028267,1
1185,01199,0.003659052461028267,1
1186,01200,0.007941834449344931,1
1187,01201,0.007941834449344931,1
1188,01202,0.0076926662766458875,1
1189,01203,0.005395665307023734,1
1190,01204,0.0039264617052658934,1
1191,01205,0.0038054275482899413,1
1192,01206,0.0031768856039517956,1
1193,01207,0.006602634446699618,1
1194,01208,0.006602634446699618,1
1195,01209,0.007092709134971287,1
1196,01210,0.007092709134971287,1
1197,01211,0.002625158889152601,1
1198,01212,0.002329801447146451,1
1199,01213,0.004928804133834674,1
1200,01214,0.0033929576670583828,1
1201,01215,0.0033929576670583828,1
1202,01216,0.0038919895980953356,1
1203,01217,0.0038919895980953356,1
1204,01218,0.0024620391634782024,1
1205,01219,0.00249786859404999,1
1206,01220,0.0021678326987375485,1
1207,01221,0.002552279626486964,1
1208,01222,0.0044109149399416125,1
1209,01223,0.0039590496278103515,1
1210,01224,0.0039590496278103515,1
1211,01225,0.003663278177336693,1
1212,01226,0.003663278177336693,1
1213,01227,0.003305298819110014,1
1214,01228,0.0037767497074172596,1
1215,01229,0.0011222899121978713,1
1216,01230,0.005580460579168722,1
1217,01231,0.003460445179843674,1
1218,01232,0.0015521901278656713,1
1219,01233,0.0015521901278656713,1
1220,01234,0.002253599568347475,1
1221,01235,0.002253599568347475,1
1222,01236,0.0031710728884650763,1
1223,01237,0.002590366076352879,1
1224,01238,0.003524341639654871,1
1225,01239,0.0024622687156572454,1
1226,01240,0.0030434565990500317,1
1227,01241,0.0020829513427758073,1
1228,01242,0.0020829513427758073,1
1229,01243,0.004902020071680724,1
1230,01244,0.004902020071680724,1
1231,01245,0.0032292238743183432,1
1232,01246,0.0026259844113134534,1
1233,01247,0.003162310337717855,1
1234,01248,0.004509508119900474,1
1235,01249,0.0034996145477599327,1
1236,01250,0.003669283424082792,1
1237,01251,0.003669283424082792,1
1238,01252,0.004753582741997775,1
1239,01253,0.004753582741997775,1
1240,01254,0.005151138053710369,1
1241,01255,0.005109861143409944,1
1242,01256,0.005036572955516405,1
1243,01257,0.00613051750763649,1
1244,01258,0.00430953732940953,1
1245,01259,0.0038859785155009874,1
1246,01260,0.0038859785155009874,1
1247,01261,0.0044141353048186005,1
1248,01262,0.0044141353048186005,1
1249,01263,0.0034382957077516707,1
1250,01264,0.002998587251047624,1
1251,01265,0.001783588439750794,1
1252,01266,0.002763411401689453,1
1253,01267,0.004616492684662354,1
1254,01268,0.005076333281747836,1
1255,01269,0.005076333281747836,1
1256,01270,0.0007294595806248694,1
1257,01271,0.0007294595806248694,1
1258,01272,0.00044480914372613256,1
1259,01273,0.000183379806895978,1
1260,01274,9.567569911173024e-05,1
1261,01275,0.00235782765333159,1
1262,01276,0.002590154819115398,1
1263,01277,0.0023554910749057356,1
1264,01278,0.0023554910749057356,1
1265,01279,0.002987716507664828,1
1266,01280,0.002987716507664828,1
1267,01281,0.0017304555722219561,1
1268,01282,0.000988270264735469,1
1269,01283,0.0025505882097380805,1
1270,01284,0.001498605754693294,1
1271,01285,0.0019767044002634293,1
1272,01286,0.0019767044002634293,1
1273,01287,0.0019767044002634293,1
1274,01288,0.002482064770353176,1
1275,01289,0.002482064770353176,1
1276,01290,0.0022710786682962336,1
1277,01291,0.00353352339433588,1
1278,01292,0.003634929595698111,1
1279,01293,0.002048305368397507,1
1280,01294,0.004817944785723505,1
1281,01295,0.0049998260063670585,1
1282,01296,0.0049998260063670585,1
1283,01297,0.0059620149933632405,1
1284,01298,0.0059620149933632405,1
1285,01299,0.004207260687755898,1
1286,01300,0.00116881982146122,1
1287,01301,0.002441625563100125,1
1288,01302,0.0035066889046548866,1
1289,01303,0.0014255056758161189,1
1290,01304,0.004987196607211253,1
1291,01305,0.004987196607211253,1
1292,01306,0.000541611472007375,1
1293,01307,0.000541611472007375,1
1294,01308,0.0004977374461727635,1
1295,01309,0.0005611953827839855,1
1296,01310,0.000483900745093635,1
1297,01311,0.0012344458007405024,1
1298,01312,0.0034311842766010514,1
1299,01313,0.002938617015511902,1
1300,01314,0.002938617015511902,1
1301,01315,0.004648801295853211,1
1302,01316,0.004648801295853211,1
1303,01317,0.005229361007873301,1
1304,01318,0.005155350651030233,1
1305,01319,0.0034785937082100205,1
1306,01320,0.0013907684432705736,1
1307,01321,0.0014203162928154711,1
1308,01322,0.0014203162928154711,1
1309,01323,0.0014203162928154711,1
1310,01324,0.0025207321564844065,1
1311,01325,0.0025207321564844065,1
1312,01326,0.0027158927556349965,1
1313,01327,0.0035484497110003232,1
1314,01328,0.0035484497110003232,1
1315,01329,0.0002432185577179169,1
1316,01330,0.0023293592022195497,1
1317,01331,0.0023854180090960853,1
1318,01332,0.0023854180090960853,1
1319,01333,0.004778854476457539,1
1320,01334,0.004778854476457539,1
1321,01335,0.0047747155891748605,1
1322,01336,0.00394012919045128,1
1323,01337,0.0037235520319107707,1
1324,01338,0.004403400361166376,1
1325,01339,0.0036871518295304995,1
1326,01340,0.002385826879496733,1
1327,01341,0.002385826879496733,1
1328,01342,0.002685184330278645,1
1329,01343,0.002685184330278645,1
1330,01344,0.004418718178331282,1
1331,01345,0.005175887157696124,1
1332,01346,0.003483346231064388,1
1333,01347,0.0018290849340365511,1
1334,01348,0.003004733275876248,1
1335,01349,0.003091855473163818,1
1336,01350,0.003091855473163818,1
1337,01351,0.004727143520315558,1
1338,01352,0.004727143520315558,1
1339,01353,0.005002389052792822,1
1340,01354,0.005002389052792822,1
1341,01355,0.0048645114170255965,1
1342,01356,0.004420361690983476,1
1343,01357,0.003549223094180043,1
1344,01358,0.0037522850738263003,1
1345,01359,0.0037522850738263003,1
1346,01360,0.006195635799264743,1
1347,01361,0.006195635799264743,1
1348,01362,0.006210354032784693,1
1349,01363,0.006210354032784693,1
1350,01364,0.006210354032784693,1
1351,01365,0.00556683357472032,1
1352,01366,0.005142970673459146,1
1353,01367,0.005035349949439549,1
1354,01368,0.005035349949439549,1
1355,01369,0.004474108163680768,1
1356,01370,0.004474108163680768,1
1357,01371,0.004319621028335163,1
1358,01372,0.0044727195827212185,1
1359,01373,0.001786403672700665,1
1360,01374,0.004553247136988681,1
1361,01375,0.003629494888968132,1
1362,01376,0.003629494888968132,1
1363,01377,0.003629494888968132,1
1364,01378,0.003627764122549948,1
1365,01379,0.003627764122549948,1
1366,01380,0.0041285223326825715,1
1367,01381,0.0026724402560311944,1
1368,01382,0.0031623429257079394,1
1369,01383,0.0005024927197538887,1
1370,01384,0.00048242663799502594,1
1371,01385,0.0005162041213901958,1
1372,01386,0.0005162041213901958,1
1373,01387,0.0020353894416462737,1
1374,01388,0.003355754612488049,1
1375,01389,0.0023618155940896557,1
1376,01390,0.0029347447276224514,1
1377,01391,0.004387468086099133,1
1378,01392,0.004419176452596041,1
1379,01393,0.004419176452596041,1
1380,01394,0.004419176452596041,1
1381,01395,0.004419176452596041,1
1382,01396,0.0036722860749236474,1
1383,01397,0.0026540479297931796,1
1384,01398,0.002699035671404282,1
1385,01399,0.002699035671404282,1
1386,01400,0.0025239973180264386,1
1387,01401,0.0017368505187596028,1
1388,01402,0.0017368505187596028,1
1389,01403,0.0012711384829300343,1
1390,01404,0.0012711384829300343,1
1391,01405,0.002065231968895631,1
1392,01406,0.00020968442173252555,1
1393,01407,0.0017361503947794787,1
1394,01408,0.0035813082003954833,1
1395,01409,0.002384854406173531,1
1396,01410,0.0021064047563861266,1
1397,01411,0.0021064047563861266,1
1398,01412,0.0006689288789720749,1
1399,01413,0.0006689288789720749,1
1400,01414,0.002024120056103307,1
1401,01415,0.002376559412109458,1
1402,01416,0.0015094370607933172,1
1403,01417,0.0045556732537486155,1
1404,01418,0.0021507628107846344,1
1405,01419,0.0013967612459104828,1
1406,01420,0.0013967612459104828,1
1407,01421,0.00013597053655178826,1
1408,01422,0.00013597053655178826,0
1409,01423,0.0006885252594859281,0
1410,01424,0.004762947888901969,0
1411,01425,0.0039258250850950915,0
1412,01426,0.004648115569917621,0
1413,01427,0.0053731284694613635,0
1414,01428,0.0043756830316770134,1
1415,01429,0.0043756830316770134,1
1416,01430,0.004903361206078927,1
1417,01431,0.004903361206078927,1
1418,01432,0.0037338645924061,1
1419,01433,0.004752093843079841,1
1420,01434,0.004055662983248887,1
1421,01435,0.0028097029935150175,1
1422,01436,0.0014100989686047782,1
1423,01437,0.003401084181792413,1
1424,01438,0.003401084181792413,1
1425,01439,0.003553008193559748,1
1426,01440,0.003553008193559748,1
1427,01441,0.0037372701250903972,1
1428,01442,0.001933832718600037,1
1429,01443,0.00517371654514065,1
1430,01444,0.004884086243780672,1
1431,01445,0.004549883762734019,1
1432,01446,0.003253789572719157,1
1433,01447,0.003253789572719157,1
1434,01448,0.0011000379311685293,1
1435,01449,0.0011000379311685293,1
1436,01450,0.002337962007398886,1
1437,01451,0.003873316662730275,1
1438,01452,0.0041284026742491875,1
1439,01453,0.004059140620795709,1
1440,01454,0.003654692550021821,1
1441,01455,0.0032449431405208173,1
1442,01456,0.0032449431405208173,1
1443,01457,0.005082182771000809,1
1444,01458,0.005082182771000809,1
1445,01459,0.003977039882849809,1
1446,01460,0.0020177478178862174,1
1447,01461,0.0023452150852047993,1
1448,01462,0.002319150833598016,1
1449,01463,0.0032294741059626375,1
1450,01464,0.0017224356773439808,1
1451,01465,0.0017224356773439808,1
1452,01466,0.0018424717794616186,1
1453,01467,0.0018424717794616186,1
1454,01468,0.00035140481813478175,1
1455,01469,0.0009450438306810582,1
1456,01470,0.0009450438306810582,1
1457,01471,0.0009450438306810582,1
1458,01472,0.0003751819446158322,1
1459,01473,7.661863858032802e-05,1
1460,01474,7.661863858032802e-05,1
1461,01475,3.225109774440682e-05,1
1462,01476,3.225109774440682e-05,1
1463,01477,0.0002457101774702153,0
1464,01478,0.0026707363342239887,0
1465,01479,0.002371650639709344,0
1466,01480,0.002616262100773703,1
1467,01481,9.719025554755234e-05,0
1468,01482,0.002282238057024877,0
1469,01483,0.002282238057024877,0
1470,01484,0.002109206602200153,0
1471,01485,0.002109206602200153,0
1472,01486,0.0015648413386557536,0
1473,01487,0.0001318925473894339,0
1474,01488,0.0027286480068342556,0
1475,01489,0.00022644547082784072,0
1476,01490,0.00019984547481399773,0
1477,01491,5.7229242562684135e-05,0
1478,01492,5.7229242562684135e-05,0
1479,01493,5.7869841526780874e-05,0
1480,01494,5.7869841526780874e-05,0
1481,01495,0.000161452060284617,0
1482,01496,0.00011632265125971486,0
1483,01497,0.00011632265125971486,0
1484,01498,0.00011632265125971486,0
1485,01499,0.00019606361661494986,0
1486,01500,0.0038275215713525768,0
1487,01501,0.0038275215713525768,0
1488,01502,0.0026388848819456356,0
1489,01503,0.0026388848819456356,0
1490,01504,0.0032059054187563163,0
1491,01505,0.002572961186669609,0
1492,01506,0.002572961186669609,0
1493,01507,0.002572961186669609,0
1494,01508,0.0001958613689820865,0
1495,01509,0.0038431352413699216,0
1496,01510,0.0038431352413699216,0
1497,01511,0.0029388755535855182,0
1498,01512,0.0029388755535855182,0
1499,01513,0.003922714186283649,0
1500,01514,0.0011079408738536856,0
1501,01515,0.0011079408738536856,0
1502,01516,0.0011079408738536856,0
1503,01517,0.0026954281459596885,0
1504,01518,0.0048988177769668795,0
1505,01519,0.0048988177769668795,0
1506,01520,0.0051742759797237525,0
1507,01521,0.0051742759797237525,1
1508,01522,0.004225745483853238,1
1509,01523,0.00397926893292766,1
1510,01524,0.00397926893292766,1
1511,01525,0.00397926893292766,1
1512,01526,0.003012518451718904,1
1513,01527,0.004017569656726394,1
1514,01528,0.004017569656726394,1
1515,01529,0.005273165533588475,1
1516,01530,0.005273165533588475,1
1517,01531,0.004543476385755696,1
1518,01532,0.00552615939128831,1
1519,01533,0.005491457338069772,1
1520,01534,0.005462783170425922,1
1521,01535,0.003646574021810345,1
1522,01536,0.0016914926742170877,1
1523,01537,0.0016914926742170877,1
1524,01538,0.00021374969412413236,1
1525,01539,0.00021374969412413236,1
1526,01540,0.0016134760570460926,1
1527,01541,0.006741314968060408,1
1528,01542,0.007226305745648531,1
1529,01543,0.0062012462037026594,1
1530,01544,0.00106022363744529,1
1531,01545,0.006428674467786166,1
1532,01546,0.006428674467786166,1
1533,01547,0.005852549684525421,1
1534,01548,0.005852549684525421,1
1535,01549,0.00648645255310587,1
1536,01550,0.00623265952749108,1
1537,01551,0.004879473710080795,1
1538,01552,0.004169518022650642,1
1539,01553,0.0015045337086458943,1
1540,01554,0.0002372034918822763,1
1541,01555,0.0002372034918822763,1
1542,01556,0.0042366957712483,1
1543,01557,0.0042366957712483,1
1544,01558,0.0023409616082537,1
1545,01559,0.0032747762220921572,1
1546,01560,0.0010248613814125562,1
1547,01561,0.0037628869638526297,1
1548,01562,0.0037628869638526297,1
1549,01563,0.00683327193207095,1
1550,01564,0.00683327193207095,1
1551,01565,0.007506991909179916,1
1552,01566,0.007441875581452706,1
1553,01567,0.007236826605299562,1
1554,01568,0.007023303168796069,1
1555,01569,0.007023303168796069,1
1556,01570,0.007023303168796069,1
1557,01571,0.007023303168796069,1
1558,01572,0.007048623171117541,1
1559,01573,0.007048623171117541,1
1560,01574,0.007048623171117541,1
1561,01575,0.007218262534843589,1
1562,01576,0.007213893639574032,1
1563,01577,0.004868097769920254,1
1564,01578,0.004678967982492566,1
1565,01579,0.006630062684874538,1
1566,01580,0.006630062684874538,1
1567,01581,0.005279032015203633,1
1568,01582,0.005279032015203633,1
1569,01583,0.005204838930761291,1
1570,01584,0.004818689641854945,1
1571,01585,0.003513341604935327,1
1572,01586,0.005665775119250149,1
1573,01587,0.005493315224843087,1
1574,01588,0.006148646312506223,1
1575,01589,0.006148646312506223,1
1576,01590,0.005851439867628372,1
1577,01591,0.0027107169051552304,1
1578,01592,0.006945178171130273,1
1579,01593,0.006867326430952225,1
1580,01594,0.006536367334447846,1
1581,01595,0.00579850641349644,1
1582,01596,0.003992468258307014,1
1583,01597,0.001979450167657326,1
1584,01598,0.001979450167657326,1
1585,01599,0.004068307213042743,1
1586,01600,0.004068307213042743,1
1587,01601,0.004177990457938208,1
1588,01602,0.00420211816848326,1
1589,01603,0.005111181322203784,1
1590,01604,0.0036429915429048165,1
1591,01605,0.0023415592717235256,1
1592,01606,0.0003809473021840759,1
1593,01607,0.0003809473021840759,1
1594,01608,0.004686995176673037,1
1595,01609,0.004686995176673037,1
1596,01610,0.00420363383122524,1
1597,01611,0.004417021296835522,1
1598,01612,0.003972776213573503,1
1599,01613,0.004248291945761373,1
1600,01614,0.0029243452871137166,1
1601,01615,0.0003971300066023531,1
1602,01616,0.0003971300066023531,1
1603,01617,0.0012721103617652219,1
1604,01618,0.0012721103617652219,1
1605,01619,0.0033791197248174143,1
1606,01620,0.0033143463378584315,1
1607,01621,0.003189087690041781,1
1608,01622,0.003273199872681154,1
1609,01623,0.002680767843895815,1
1610,01624,0.002680767843895815,1
1611,01625,0.002680767843895815,1
1612,01626,0.0003144190031809657,1
1613,01627,0.0003144190031809657,1
1614,01628,0.001668530240023891,1
1615,01629,0.0014732444232894437,1
1616,01630,0.001721334358396831,1
1617,01631,0.0008549440821878918,1
1618,01632,0.0032455521904823925,1
1619,01633,0.00266364867781288,1
1620,01634,0.00266364867781288,1
1621,01635,0.006639003645991792,1
1622,01636,0.006639003645991792,1
1623,01637,0.004362016263240953,1
1624,01638,0.004291380347922313,1
1625,01639,0.004291380347922313,1
1626,01640,0.0037087558455359826,1
1627,01641,0.005843419273032779,1
1628,01642,0.004628011579645097,1
1629,01643,0.005347048553325351,1
1630,01644,0.0020722366356942246,1
1631,01645,0.0020722366356942246,1
1632,01646,0.005186265491790465,1
1633,01647,0.0037571133023925896,1
1634,01648,0.0045427086943661266,1
1635,01649,0.004188479288540492,1
1636,01650,0.005000823531903009,1
1637,01651,0.0049842333800249605,1
1638,01652,0.004949371212001452,1
1639,01653,0.005842594688536096,1
1640,01654,0.005842594688536096,1
1641,01655,0.006039820354392766,1
1642,01656,0.0026789449569015744,1
1643,01657,0.0038885785769826597,1
1644,01658,0.002952494327363553,1
1645,01659,0.0037612877412769308,1
1646,01660,0.003724107012778255,1
1647,01661,0.005343547886279332,1
1648,01662,0.005433190089958018,1
1649,01663,0.005115125368748252,1
1650,01664,0.0003107776154465114,1
1651,01665,3.907107833978074e-05,1
1652,01666,2.0004337665469052e-05,1
1653,01667,2.6167163492019085e-05,1
1654,01668,0.00010551481596809964,1
1655,01669,3.45153652343555e-05,1
1656,01670,7.673766745242006e-05,1
1657,01671,6.394786544650088e-05,1
1658,01672,9.052078005566955e-05,1
1659,01673,0.00011624536997167922,1
1660,01674,6.643359226288226e-05,1
1661,01675,4.982065625469545e-05,1
1662,01676,0.00010258544257268909,1
1663,01677,6.21035708263662e-05,1
1664,01678,5.1458132657167255e-05,1
1665,01679,5.1458132657167255e-05,1
1666,01680,0.00012054902635583176,0
1667,01681,0.00012054902635583176,0
1668,01682,6.341596713177466e-05,0
1669,01683,5.590135462352208e-05,0
1670,01684,7.498107516212826e-05,0
1671,01685,6.479362975575498e-05,0
1672,01686,8.693520309943636e-05,0
1673,01687,8.30030100988921e-05,0
1674,01688,8.30030100988921e-05,0
1675,01689,0.00010891191205519846,0
1676,01690,0.00010891191205519846,0
1677,01691,0.00011619226662951121,0
1678,01692,0.00011248716352962873,0
1679,01693,0.00011608364500226287,0
1680,01694,0.00012297611848044454,0
1681,01695,0.00046125032973076685,0
1682,01696,0.0001749966607151876,0
1683,01697,0.0001749966607151876,0
1684,01698,8.381073939922601e-05,0
1685,01699,8.381073939922601e-05,0
1686,01700,4.927710261259932e-05,0
1687,01701,0.00011231411595691299,0
1688,01702,7.697707816145538e-05,0
1689,01703,9.299998468481618e-05,0
1690,01704,9.02748768449868e-05,0
1691,01705,5.878115154533958e-05,0
1692,01706,5.878115154533958e-05,0
1693,01707,8.117872480628563e-05,0
1694,01708,8.117872480628563e-05,0
1695,01709,5.666359885658778e-05,0
1696,01710,8.364618204392826e-05,0
1697,01711,6.957807635377122e-05,0
1698,01712,0.00012247541646281945,0
1699,01713,6.410813370827384e-05,0
1700,01714,5.3241041834795055e-05,0
1701,01715,5.3241041834795055e-05,0
1702,01716,6.117888052070697e-05,0
1703,01717,6.117888052070697e-05,0
1704,01718,8.097527046224684e-05,0
1705,01719,6.221001618378352e-05,0
1706,01720,0.00013775705155172346,0
1707,01721,0.0001226640107736543,0
1708,01722,0.00026174879170604015,0
1709,01723,0.00012098038014940471,0
1710,01724,0.00012098038014940471,0
1711,01725,8.203231866765748e-05,0
1712,01726,8.203231866765748e-05,0
1713,01727,5.34994262686439e-05,0
1714,01728,5.20410308046948e-05,0
1715,01729,5.090319250022901e-05,0
1716,01730,9.513578506492593e-05,0
1717,01731,8.272765096783985e-05,0
1718,01732,7.969761746995374e-05,0
1719,01733,7.969761746995374e-05,0
1720,01734,7.237813976423979e-05,0
1721,01735,0.00011882496554083133,0
1722,01736,0.00010701187856376748,0
1723,01737,0.0001384375406683347,0
1724,01738,9.989660548015422e-05,0
1725,01739,0.0002267775506430425,0
1726,01740,0.0002267775506430425,0
1727,01741,0.00016875076349887053,0
1728,01742,0.00016875076349887053,0
1729,01743,4.951842583533761e-05,0
1730,01744,9.748294957123704e-05,0
1731,01745,3.6543448367787335e-05,0
1732,01746,3.559783035367303e-05,0
1733,01747,3.299041786686274e-05,0
1734,01748,6.76604242872969e-05,0
1735,01749,6.76604242872969e-05,0
1736,01750,0.00012716586502659055,0
1737,01751,0.00012716586502659055,0
1738,01752,9.297810295727515e-05,0
1739,01753,7.474730148082642e-05,0
1740,01754,8.655165511584073e-05,0
1741,01755,8.070993659092807e-05,0
1742,01756,8.54161283250221e-05,0
1743,01757,2.1909776205752962e-05,0
1744,01758,2.1909776205752962e-05,0
1745,01759,5.0643630768121284e-05,0
1746,01760,5.0643630768121284e-05,0
1747,01761,5.268952859882603e-05,0
1748,01762,5.067499076005788e-05,0
1749,01763,6.876795654697787e-05,0
1750,01764,5.166620869445637e-05,0
1751,01765,5.927987565979009e-05,0
1752,01766,7.063683101193874e-05,0
1753,01767,7.063683101193874e-05,0
1754,01768,5.571477353782939e-05,0
1755,01769,5.571477353782939e-05,0
1756,01770,8.530242809534627e-05,0
1757,01771,5.580260163640105e-05,0
1758,01772,5.679087519538939e-05,0
1759,01773,6.572639199209362e-05,0
1760,01774,6.39577948833292e-05,0
1761,01775,8.887339339214151e-05,0
1762,01776,8.887339339214151e-05,0
1763,01777,6.932837276618642e-05,0
1764,01778,6.932837276618642e-05,0
1765,01779,7.701867489373626e-05,0
1766,01780,6.987992726337211e-05,0
1767,01781,6.479160604833112e-05,0
1768,01782,6.78544542465076e-05,0
1769,01783,6.551079717098673e-05,0
1770,01784,6.866203924893455e-05,0
1771,01785,6.866203924893455e-05,0
1772,01786,7.31744343500651e-05,0
1773,01787,7.31744343500651e-05,0
1774,01788,9.118024594734209e-05,0
1775,01789,4.866087579102896e-05,0
1776,01790,3.923347646406228e-05,0
1777,01791,5.2352396476607055e-05,0
1778,01792,5.816341689968141e-05,0
1779,01793,2.945523737096778e-05,0
1780,01794,2.945523737096778e-05,0
1781,01795,5.0544291332776936e-05,0
1782,01796,5.0544291332776936e-05,0
1783,01797,5.200562130447395e-05,0
1784,01798,3.665720461576427e-05,0
1785,01799,3.443716357143245e-05,0
1786,01800,4.1555681940863565e-05,0
1787,01801,4.1555681940863565e-05,0
1788,01802,4.0869190788939136e-05,0
1789,01803,4.0869190788939136e-05,0
1790,01804,4.701580185972887e-05,0
1791,01805,4.701580185972887e-05,0
1792,01806,4.766202173467349e-05,0
1793,01807,4.5502872415781326e-05,0
1794,01808,4.979929272685979e-05,0
1795,01809,5.596698014631585e-05,0
1796,01810,5.596698014631585e-05,0
1797,01811,5.076058441844111e-05,0
1798,01812,5.076058441844111e-05,0
1799,01813,5.3766015174261383e-05,0
1800,01814,5.3766015174261383e-05,0
1801,01815,5.478231356281782e-05,0
1802,01816,3.4777604597913125e-05,0
1803,01817,4.93681720969974e-05,0
1804,01818,3.968404107546064e-05,0
1805,01819,4.136321317194103e-05,0
1806,01820,7.558662036277752e-05,0
1807,01821,7.558662036277752e-05,0
1808,01822,4.99993497111717e-05,0
1809,01823,4.99993497111717e-05,0
1810,01824,5.1796858219432806e-05,0
1811,01825,8.148622452974763e-05,0
1812,01826,8.772746627716543e-05,0
1813,01827,9.616377910059981e-05,0
1814,01828,5.4474584723074315e-05,0
1815,01829,7.852342951863989e-05,0
1816,01830,7.852342951863989e-05,0
1817,01831,8.911311967008118e-05,0
